{
  "svm": {
    "accuracy": 0.34466349422161796,
    "macro_f1": 0.3098000575609811,
    "per_class_f1": [
      0.44894204231830726,
      0.3292943692088382,
      0.12947976878612716,
      0.3314840499306519
    ],
    "per_subject": {
      "S10": {
        "acc": 0.400990099009901,
        "f1": 0.30261102403343787
      },
      "S11": {
        "acc": 0.46733668341708545,
        "f1": 0.42057566948555325
      },
      "S13": {
        "acc": 0.33668341708542715,
        "f1": 0.31932309462073727
      },
      "S14": {
        "acc": 0.41708542713567837,
        "f1": 0.3822887285167864
      },
      "S15": {
        "acc": 0.345,
        "f1": 0.25553565857615274
      },
      "S16": {
        "acc": 0.33,
        "f1": 0.2975506538772905
      },
      "S17": {
        "acc": 0.37373737373737376,
        "f1": 0.3211500256132531
      },
      "S2": {
        "acc": 0.3612565445026178,
        "f1": 0.3108841922133061
      },
      "S3": {
        "acc": 0.30256410256410254,
        "f1": 0.2746047337328035
      },
      "S4": {
        "acc": 0.21428571428571427,
        "f1": 0.2166377978370463
      },
      "S5": {
        "acc": 0.2658959537572254,
        "f1": 0.2431668817499441
      },
      "S6": {
        "acc": 0.29441624365482233,
        "f1": 0.27780054644808744
      },
      "S7": {
        "acc": 0.38071065989847713,
        "f1": 0.347340195107505
      },
      "S8": {
        "acc": 0.32663316582914576,
        "f1": 0.2672031990997508
      },
      "S9": {
        "acc": 0.3401015228426396,
        "f1": 0.2708762333762334
      }
    }
  },
  "rf": {
    "accuracy": 0.3616587355540449,
    "macro_f1": 0.31046861113806334,
    "per_class_f1": [
      0.47155172413793106,
      0.34055265123226286,
      0.09469153515064563,
      0.33507853403141363
    ],
    "per_subject": {
      "S10": {
        "acc": 0.42574257425742573,
        "f1": 0.29119472047201583
      },
      "S11": {
        "acc": 0.4221105527638191,
        "f1": 0.347793845424793
      },
      "S13": {
        "acc": 0.32663316582914576,
        "f1": 0.28418995006406245
      },
      "S14": {
        "acc": 0.39195979899497485,
        "f1": 0.3321347111669692
      },
      "S15": {
        "acc": 0.34,
        "f1": 0.2670011886495951
      },
      "S16": {
        "acc": 0.29,
        "f1": 0.2508132285172133
      },
      "S17": {
        "acc": 0.5202020202020202,
        "f1": 0.44608401470462045
      },
      "S2": {
        "acc": 0.33507853403141363,
        "f1": 0.2816670801290002
      },
      "S3": {
        "acc": 0.28205128205128205,
        "f1": 0.22358421132630937
      },
      "S4": {
        "acc": 0.22448979591836735,
        "f1": 0.22081474819518032
      },
      "S5": {
        "acc": 0.36416184971098264,
        "f1": 0.3064117572239498
      },
      "S6": {
        "acc": 0.3299492385786802,
        "f1": 0.30135347898505793
      },
      "S7": {
        "acc": 0.4213197969543147,
        "f1": 0.3822300783904667
      },
      "S8": {
        "acc": 0.4020100502512563,
        "f1": 0.34084574845444415
      },
      "S9": {
        "acc": 0.34517766497461927,
        "f1": 0.2510474032025756
      }
    }
  },
  "xgb": {
    "accuracy": 0.3589394969408566,
    "macro_f1": 0.3079715734101971,
    "per_class_f1": [
      0.48314606741573035,
      0.3376230128690386,
      0.09497964721845319,
      0.31613756613756616
    ],
    "per_subject": {
      "S10": {
        "acc": 0.42574257425742573,
        "f1": 0.32305402930402927
      },
      "S11": {
        "acc": 0.39195979899497485,
        "f1": 0.3457713241370512
      },
      "S13": {
        "acc": 0.36683417085427134,
        "f1": 0.33103354978354976
      },
      "S14": {
        "acc": 0.4120603015075377,
        "f1": 0.3540865384615385
      },
      "S15": {
        "acc": 0.345,
        "f1": 0.2704624468396896
      },
      "S16": {
        "acc": 0.34,
        "f1": 0.29272514647917164
      },
      "S17": {
        "acc": 0.4595959595959596,
        "f1": 0.3832199769539923
      },
      "S2": {
        "acc": 0.31413612565445026,
        "f1": 0.26006490751739353
      },
      "S3": {
        "acc": 0.28205128205128205,
        "f1": 0.24000968876016304
      },
      "S4": {
        "acc": 0.2193877551020408,
        "f1": 0.20262808659478115
      },
      "S5": {
        "acc": 0.34104046242774566,
        "f1": 0.2907052699622359
      },
      "S6": {
        "acc": 0.350253807106599,
        "f1": 0.31349797743240365
      },
      "S7": {
        "acc": 0.40609137055837563,
        "f1": 0.36001578253679095
      },
      "S8": {
        "acc": 0.3768844221105528,
        "f1": 0.3157000692437473
      },
      "S9": {
        "acc": 0.34517766497461927,
        "f1": 0.2510825816476501
      }
    }
  }
}