{
  "accuracy": 0.41332426920462273,
  "macro_f1": 0.33790173657437,
  "per_class_f1": [
    0.5171806167400881,
    0.3949402670414617,
    0.03495145631067961,
    0.4045346062052506
  ],
  "per_subject": {
    "S10": {
      "acc": 0.5346534653465347,
      "f1": 0.40536839166228533
    },
    "S11": {
      "acc": 0.45226130653266333,
      "f1": 0.3752461923651191
    },
    "S13": {
      "acc": 0.49246231155778897,
      "f1": 0.3343742334220522
    },
    "S14": {
      "acc": 0.2613065326633166,
      "f1": 0.10358565737051793
    },
    "S15": {
      "acc": 0.475,
      "f1": 0.4344912463313085
    },
    "S16": {
      "acc": 0.33,
      "f1": 0.25079142414471756
    },
    "S17": {
      "acc": 0.3434343434343434,
      "f1": 0.24988909054244807
    },
    "S2": {
      "acc": 0.5445026178010471,
      "f1": 0.4159361933735604
    },
    "S3": {
      "acc": 0.28205128205128205,
      "f1": 0.18861693861693862
    },
    "S4": {
      "acc": 0.23469387755102042,
      "f1": 0.16446853357422464
    },
    "S5": {
      "acc": 0.44508670520231214,
      "f1": 0.25671355498721227
    },
    "S6": {
      "acc": 0.36548223350253806,
      "f1": 0.3118563796019034
    },
    "S7": {
      "acc": 0.5634517766497462,
      "f1": 0.44858172315489386
    },
    "S8": {
      "acc": 0.48743718592964824,
      "f1": 0.4314178577188631
    },
    "S9": {
      "acc": 0.39086294416243655,
      "f1": 0.20901800901800902
    }
  }
}